timestamp,url,success
2026-05-15T09:33:10,https://assets.fenwick.com/documents/Checklist-ESG-Disclosures-for-Biotechnology-Pharmaceuticals-Companies.pdf,yes
2026-05-15T09:33:14,https://assets.fenwick.com/documents/2023-Bio-ESG-Report.pdf,yes
2026-05-15T09:33:14,https://www.alnylam.com/sites/default/files/pdfs/alnylam-cr-report-2024.pdf,yes
2026-05-15T09:33:21,https://enablegood.co/blog/esg-reporting-pharmaceutical-companies/,yes
2026-05-15T09:33:23,https://www.alnylam.com/sites/default/files/pdfs/alnylam-cr-report-2024.pdf,yes
2026-05-15T09:33:24,https://investors.alnylam.com/press-release?id=29071,yes
2026-05-15T09:33:26,https://accesstomedicinefoundation.org/resource/the-methodology-for-the-2024-access-to-medicine-index,yes
2026-05-15T09:33:28,https://ionis.com/about-us/corporate-responsibility,yes
2026-05-15T09:33:30,https://www.regeneron.com/responsibility/our-approach,yes
2026-05-15T09:33:30,https://alnylam.co.uk/sites/default/files/pdfs/UK-corporate-social-responsibility-summary-2024.pdf,yes
2026-05-15T09:33:31,https://www.sarepta.com/about-us/corporate-responsibility,yes
2026-05-15T09:33:31,https://www.biomarin.com/company/responsibility/environmental-social-and-governance/,yes
2026-05-15T09:33:35,,no
2026-05-15T09:33:35,https://accesstomedicinefoundation.org/medialibrary/310325__2024-access-to-medicine-index_final-1743426667.pdf,yes
2026-05-15T09:33:37,https://investors.alnylam.com/press-release?id=27941,yes
2026-05-15T09:33:37,https://www.astrazeneca.com/content/dam/az/Sustainability/2022/pdf/2021_SASB_Index.pdf,no
2026-05-15T09:33:38,https://investors.alnylam.com/press-release?id=29071,yes
2026-05-15T09:33:39,https://www.biomarin.com/wp-content/uploads/2026/01/Corporate-Responsibility-Report_2025.pdf,yes
2026-05-15T09:33:39,https://www.regeneron.com/downloads/2025RR.pdf,yes
2026-05-15T09:33:39,https://news.alnylam.com/responsibility/articles/alnylam-publishes-2024-corporate-responsibility-report,yes
2026-05-15T09:33:40,https://www.alnylam.com/about-alnylam/corporate-responsibility,yes
2026-05-15T09:33:40,https://www.morningstar.com/stocks/xmex/alny/sustainability,yes
2026-05-15T09:33:41,https://ionis.com/about-us/corporate-responsibility/2024-Corporate-Responsiblity-Report.pdf,no
2026-05-15T09:33:45,https://www.globalreporting.org/standards/sector-program/,yes
2026-05-15T09:33:51,https://alnylam.co.uk/sites/default/files/pdfs/UK-corporate-social-responsibility-summary-2024.pdf,yes
2026-05-15T09:33:51,https://news.alnylam.com/responsibility/articles/alnylam-publishes-2024-corporate-responsibility-report,yes
2026-05-15T09:33:51,https://alnylam.co.uk/sites/default/files/pdfs/UK-corporate-social-responsibility-summary-2024.pdf,yes
2026-05-15T09:33:54,https://www.biomarin.com/wp-content/uploads/2025/01/Sustainability-Accounting-Standards-Board-SASB-2022-Index_102023.pdf,yes
2026-05-15T09:34:00,https://www.sarepta.com/sites/sarepta-corporate/files/2024-05/2023_Sarepta_Sustainability_Report.pdf,yes
2026-05-15T09:34:04,https://investors.alnylam.com/press-release?id=29071,yes
2026-05-15T09:34:04,https://www.sec.gov/Archives/edgar/data/1178670/000115752324000253/a53896787ex99_1.htm,yes
2026-05-15T09:34:04,https://pmc.ncbi.nlm.nih.gov/articles/PMC10587287/,yes
2026-05-15T09:34:04,https://investors.alnylam.com/press-release?id=28656,yes
2026-05-15T09:34:05,https://www.alnylam.com/about-alnylam/patient-access-philosophy,yes
2026-05-15T09:34:12,https://www.bayer.com/sites/default/files/2026-03/bayer-sasb-index-2025.pdf,no
2026-05-15T09:34:16,https://news.alnylam.com/responsibility/articles/alnylam-recognized-newsweek-one-americas-most-responsible-companies-fourth,yes
2026-05-15T09:34:16,https://ir.immuneering.com/static-files/1795ef0f-2181-4e36-9af4-a591d092be54,no
2026-05-15T09:34:19,https://www.regeneron.com/responsibility/environmental-sustainability,yes
2026-05-15T09:34:20,https://www.biomarin.com/company/responsibility/our-commitment-to-environmental-stewardship/,yes
2026-05-15T09:34:20,https://www.biomarin.com/company/responsibility/environmental-social-and-governance/sustainability-accounting-standards-board-sasb-index/,yes
2026-05-15T09:34:20,https://www.biomarin.com/company/responsibility/support-for-society/diversity-equity-and-inclusion/,yes
2026-05-15T09:34:21,https://www.biomarin.com/company/responsibility/environmental-social-and-governance/sustainability-accounting-standards-board-sasb-index/,yes
2026-05-15T09:34:24,https://news.alnylam.com/responsibility/articles/alnylam-publishes-2024-corporate-responsibility-report,yes
2026-05-15T09:34:26,https://www.astrazeneca.com/content/dam/az/Sustainability/2024/pdf/AstraZeneca_TCFD_Report_2023.pdf,no
2026-05-15T09:34:27,https://www.alnylam.com/sites/default/files/pdfs/2023-data-summary.pdf,yes
2026-05-15T09:34:31,https://www.ifrs.org/content/dam/ifrs/supporting-implementation/issb-standards/progress-climate-related-disclosures-2024.pdf,yes
2026-05-15T09:34:31,https://www.regeneron.com/downloads/2023rr.pdf,yes
2026-05-15T09:34:31,https://www.regeneron.com/downloads/2025-global-responsibility-goals.pdf,yes
2026-05-15T09:34:32,https://investors.alnylam.com/press-release?id=29071,yes
2026-05-15T09:34:32,https://ionis.com/sites/default/files/2024-08/Ionis-2023-Corporate-Responsibility-Report.pdf,no
2026-05-15T09:34:36,https://investors.alnylam.com/press-release?id=28151,yes
2026-05-15T09:34:37,https://www.alnylam.com/about-alnylam/diversity-inclusion,yes
2026-05-15T09:34:37,,no
2026-05-15T09:34:38,https://www.alnylam.com/about-alnylam/corporate-responsibility,yes
2026-05-15T09:34:38,https://www.macrotrends.net/stocks/charts/ALNY/alnylam-pharmaceuticals/number-of-employees,yes
2026-05-15T09:34:47,https://www.sumitomo-pharma.com/sustainability/guideline_table/gri.html,yes
2026-05-15T09:34:48,,no
2026-05-15T09:34:50,https://investors.alnylam.com/press-release?id=28656,yes
2026-05-15T09:34:50,https://www.alnylam.com/sites/default/files/pdfs/alnylam-cr-report-2024.pdf,yes
2026-05-15T09:34:55,https://www.mdpi.com/2071-1050/18/2/709,no
2026-05-15T09:34:56,https://news.alnylam.com/responsibility/articles/alnylam-publishes-2024-corporate-responsibility-report,yes
2026-05-15T09:34:56,https://www.sec.gov/Archives/edgar/data/1178670/000115752324000253/a53896787ex99_1.htm,yes
2026-05-15T09:34:57,https://www.fenwick.com/insights/publications/esg-insights-silicon-valleys-largest-public-tech-and-life-sciences-companies-expanded-esg-reporting-in-2023,yes
2026-05-15T09:35:01,https://investors.alnylam.com/press-release?id=29071,yes
2026-05-15T09:35:01,https://www.alnylam.com/sites/default/files/pdfs/alnylam-cr-report-2024.pdf,yes
2026-05-15T09:35:02,https://assets.fenwick.com/documents/Checklist-ESG-Disclosures-for-Biotechnology-Pharmaceuticals-Companies.pdf,yes
2026-05-15T09:35:02,https://news.alnylam.com/responsibility/articles/alnylam-publishes-2023-corporate-responsibility-report,yes
2026-05-15T09:35:06,https://planbe.eco/en/blog/gri-for-the-healthcare-industry/,yes
2026-05-15T09:35:06,https://alnylam.co.uk/sites/default/files/pdfs/UK-corporate-social-responsibility-summary-2024.pdf,yes
2026-05-15T09:35:08,https://www.biomarin.com/wp-content/uploads/2025/05/BioMarin-SASB-index-EOY-2024.pdf,yes
2026-05-15T09:35:09,https://www.regeneron.com/downloads/global-goals-progress-highlights-2024.pdf,yes
2026-05-15T09:35:10,,no
2026-05-15T09:35:13,https://www.sec.gov/Archives/edgar/data/1178670/000119312524083454/d761542ddef14a.htm,yes
2026-05-15T09:35:14,https://www.sustainabilityreports.com/ionis-pharmaceuticals/2024/corporate-responsibility-report,yes
2026-05-15T09:35:14,https://www.sustainabilityreports.com/sarepta-therapeutics/2023/sustainability-report,yes
2026-05-15T09:35:15,,no
2026-05-15T09:35:15,,no
2026-05-15T09:35:20,https://www.regeneron.com/downloads/2024_esg_data_summary.pdf,yes
2026-05-15T09:35:20,https://www.biomarin.com/wp-content/uploads/2026/01/Corporate-Responsibility-Report_2025.pdf,yes
2026-05-15T09:35:21,https://assets.fenwick.com/documents/2023-Bio-ESG-Report.pdf,yes
2026-05-15T09:35:23,https://www.alnylam.com/sites/default/files/pdfs/alnylam-cr-report-2024.pdf,yes
2026-05-15T09:35:23,https://www.sustainabilityreports.com/regeneron-pharmaceuticals/2024/responsibility-report,yes
2026-05-15T09:35:27,https://www.sec.gov/Archives/edgar/data/1178670/000117867025000026/alny-20241231.htm,yes
2026-05-15T09:35:28,https://enablegood.co/blog/esg-reporting-pharmaceutical-companies,yes
2026-05-15T09:35:30,https://causeconsulting.com/corporate-responsibility-and-esg-reports/,yes
2026-05-15T09:35:31,https://www.novartis.com/sites/novartiscom/files/novartis-sasb-index-2024.pdf,yes
2026-05-15T09:35:33,https://www.bayer.com/sites/default/files/2025-03/bayer-sasb-index-2024.pdf,no
2026-05-15T09:35:35,,no
2026-05-15T09:35:35,https://www.regeneron.com/downloads/tcfd-report-2024.pdf,yes
2026-05-15T09:35:36,https://www.biomarin.com/company/responsibility/environmental-social-and-governance/sustainability-accounting-standards-board-sasb-index/,yes
2026-05-15T09:35:36,https://www.alnylam.com/sites/default/files/pdfs/alnylam-cr-report-2024.pdf,yes
2026-05-15T09:35:36,https://www.alnylam.com/about-alnylam/corporate-responsibility,yes
2026-05-15T09:35:38,https://news.alnylam.com/tag/esg,yes
2026-05-15T09:35:38,https://news.alnylam.com/responsibility/articles/alnylam-named-newsweek-most-responsible-company-2025,yes
2026-05-15T09:35:41,https://investor.regeneron.com/news-releases/news-release-details/regeneron-named-dow-jones-best-class-world-index-global,yes
2026-05-15T09:35:45,https://www.alnylam.com/sites/default/files/pdfs/2023-data-summary.pdf,yes
2026-05-15T09:35:46,https://www.alnylam.com/sites/default/files/pdfs/alnylam-cr-report-2024.pdf,yes
2026-05-15T09:35:49,https://www.ultragenyx.com/wp-content/uploads/2025/08/2024_Ultragenyx_SASB_and_GRI_Indexes.pdf,yes
2026-05-15T09:35:51,https://www.alnylam.com/sites/default/files/pdfs/alnylam-cr-report-2024.pdf,yes
2026-05-15T09:35:51,https://investors.alnylam.com/press-release?id=28656,yes
2026-05-15T09:35:53,https://www.regeneron.com/downloads/global-goals-progress-highlights-2024.pdf,yes
2026-05-15T09:35:53,https://ionis.com/about-us/corporate-responsibility,yes
2026-05-15T09:35:53,https://www.biomarin.com/company/responsibility/our-commitment-to-environmental-stewardship/,yes
2026-05-15T09:35:53,https://finance.yahoo.com/news/alnylam-issues-2024-corporate-responsibility-130000468.html,yes
2026-05-15T09:35:59,https://www.gvw.com/en/news/blog/detail/navigating-esg-in-the-health-care-life-sciences-sector-across-the-uk-and-europe-from-compliance-to-strategic-integration,yes
2026-05-15T09:35:59,https://www.alnylam.com/sites/default/files/pdfs/2023-data-summary.pdf,yes
2026-05-15T09:36:02,https://www.alnylam.com/sites/default/files/pdfs/alnylam-cr-report-2024.pdf,yes
2026-05-15T09:36:03,https://www.ethifinance.com/publications/pharma-sustainability-performance/,yes
2026-05-15T09:36:06,https://www.regeneron.com/downloads/2024_esg_data_summary.pdf,yes
2026-05-15T09:36:06,https://www.sarepta.com/sites/sarepta-corporate/files/2024-05/2023_Sarepta_Sustainability_Report.pdf,yes
2026-05-15T09:36:06,https://www.biomarin.com/company/responsibility/environmental-social-and-governance/,yes
2026-05-15T09:36:19,https://www.alnylam.com/sites/default/files/pdfs/alnylam-cr-report-2024.pdf,yes
2026-05-15T09:36:21,https://www.nasdaq.com/press-release/alnylam-pharmaceuticals-reports-fourth-quarter-and-full-year-2024-financial-results,yes
2026-05-15T09:36:21,https://www.biomarin.com/company/responsibility/our-commitment-to-environmental-stewardship/,yes
2026-05-15T09:36:21,https://www.regeneron.com/downloads/global-goals-progress-highlights-2024.pdf,yes
2026-05-15T09:36:24,https://www.alnylam.com/sites/default/files/pdfs/alnylam-cr-report-2024.pdf,yes
2026-05-15T09:36:25,https://www.alnylam.com/sites/default/files/pdfs/alnylam-cr-report-2024.pdf,yes
2026-05-15T09:36:27,https://www.organon.com/esg/wp-content/uploads/sites/82/2025/08/OGN_GRI-Index8.27.25.pdf,yes
2026-05-15T09:36:32,https://causeconsulting.com/corporate-responsibility-and-esg-reports/,yes
2026-05-15T09:36:32,,no
2026-05-15T09:36:35,https://www.patient-view.com/wp-content/uploads/2025/09/PatientView-Press-Release-Corp-Rep-Pharma-Rare-Diseases-2024.pdf,yes
2026-05-15T09:36:37,https://www.alnylam.com/sites/default/files/pdfs/alnylam-cr-report-2024.pdf,yes
2026-05-15T09:36:44,https://alnylam.co.uk/sites/default/files/pdfs/UK-corporate-social-responsibility-summary-2024.pdf,yes
2026-05-15T09:36:44,https://news.alnylam.com/responsibility/articles/alnylam-publishes-2024-corporate-responsibility-report,yes
2026-05-15T09:36:49,https://www.sec.gov/Archives/edgar/data/1178670/000117867025000040/alny-20250324.htm,yes
2026-05-15T09:36:51,https://www.spglobal.com/sustainable1/en/scores/results?cid=4239110,no
2026-05-15T09:37:33,https://tracenable.com/company/regeneron-pharmaceuticals/ghg-emissions,yes
2026-05-15T09:37:36,https://www.alnylam.com/sites/default/files/pdfs/alnylam-cr-report-2024.pdf,yes
2026-05-15T09:37:38,https://news.alnylam.com/responsibility/articles/alnylam-recognized-newsweek-one-americas-most-responsible-companies-fourth,yes
2026-05-15T09:37:38,https://www.alnylam.com/sites/default/files/pdfs/alnylam-cr-report-2024.pdf,yes
2026-05-15T09:37:38,https://planbe.eco/blog/tcfd-for-the-healthcare-industry/,yes
2026-05-15T09:37:41,https://www.sarepta.com/sites/sarepta-corporate/files/2024-05/2023_Sarepta_Sustainability_Report.pdf,yes
2026-05-15T09:37:44,https://www.fsb-tcfd.org/publications/,yes
2026-05-15T09:37:45,https://alnylam.co.uk/sites/default/files/pdfs/UK-corporate-social-responsibility-summary-2024.pdf,yes
2026-05-15T09:38:01,https://www.sec.gov/Archives/edgar/data/1048477/000104847725000007/bmrn-20241231.htm,yes
2026-05-15T09:38:05,https://investors.alnylam.com/press-release?id=28611,yes
2026-05-15T09:38:12,https://www.regeneron.com/downloads/global-goals-progress-highlights-2024.pdf,yes
2026-05-15T09:38:15,https://ionis.com/sites/default/files/2024-08/Ionis-2023-Corporate-Responsibility-Report.pdf,no
2026-05-15T09:38:28,https://www.alnylam.com/sites/default/files/pdfs/alnylam-cr-report-2024.pdf,yes
2026-05-15T09:38:30,https://www.sec.gov/Archives/edgar/data/1178670/000117867025000026/alny-20241231.htm,yes
2026-05-15T09:38:30,https://www.alnylam.com/sites/default/files/pdfs/alnylam-cr-report-2024.pdf,yes
2026-05-15T09:38:35,https://www.regeneron.com/downloads/global-goals-progress-highlights-2024.pdf,yes
2026-05-15T09:38:43,https://www.alnylam.com/sites/default/files/pdfs/alnylam-cr-report-2024.pdf,yes
2026-05-15T09:38:52,https://www.sec.gov/Archives/edgar/data/1178670/000117867025000026/alny-20241231.htm,yes
2026-05-15T09:38:52,https://www.sec.gov/Archives/edgar/data/1178670/000119312524083454/d761542ddef14a.htm,yes
2026-05-15T09:39:14,https://investors.alnylam.com/press-release?id=28611,yes
2026-05-15T09:39:18,https://alnylampharmaceuticalsinc.gcs-web.com/static-files/d18dc1f7-4685-4eb0-b8c8-73f2fc5e95b4,no
2026-05-15T09:39:24,https://investors.alnylam.com/press-release?id=28656,yes
2026-05-15T09:39:28,https://investors.alnylam.com/press-release?id=27866,yes
2026-05-15T09:39:33,https://ionis.com/about-us/corporate-responsibility/2024-Corporate-Responsiblity-Report.pdf,no
2026-05-15T09:39:34,https://www.nasdaq.com/press-release/alnylam-pharmaceuticals-reports-fourth-quarter-and-full-year-2024-financial-results,yes
2026-05-15T09:40:14,https://www.nasdaq.com/press-release/alnylam-pharmaceuticals-reports-fourth-quarter-and-full-year-2024-financial-results,yes
2026-05-15T09:40:25,https://investors.alnylam.com/sites/default/files/pdfs/alnylam-q4-2024-earnings-presentation.pdf,yes
2026-05-15T09:40:26,https://www.alphaspread.com/de/security/nasdaq/alny/investor-relations/earnings-call/q4-2023,yes
2026-05-15T09:40:32,https://www.alnylam.com/about-alnylam/corporate-responsibility,yes
2026-05-15T09:40:41,https://www.morningstar.com/stocks/xmex/alny/sustainability,yes
2026-05-15T09:41:05,https://www.csrhub.com/CSR_and_sustainability_information/Alnylam-Pharmaceuticals-Inc,yes
2026-05-15T09:41:06,https://www.alnylam.com/sites/default/files/pdfs/2023-data-summary.pdf,yes
2026-05-15T09:41:30,https://www.alnylam.com/sites/default/files/pdfs/alnylam-cr-report-2024.pdf,yes
2026-05-15T09:41:36,https://investors.alnylam.com/press-release?id=27941,yes
2026-05-15T09:41:48,https://www.sec.gov/Archives/edgar/data/1178670/000119312524083454/d761542ddef14a.htm,yes
2026-05-15T09:41:48,https://investors.alnylam.com/sites/default/files/pdfs/2023-alnylam-annual-report.pdf?utm_source=web&utm_medium=newsroom+article&utm_campaign=2023+annual+report&utm_term=article+embed,no
2026-05-15T09:42:05,https://investors.alnylam.com/sites/default/files/pdfs/2023-alnylam-10k.pdf,yes
2026-05-15T09:42:41,https://www.facebook.com/Regeneron/posts/for-the-sixth-consecutive-year-weve-made-the-sp-global-dow-jones-sustainability-/987725163381491/,no
2026-05-15T09:42:57,https://www.nasdaq.com/press-release/alnylam-pharmaceuticals-reports-fourth-quarter-and-full-year-2024-financial-results,yes
2026-05-15T09:43:18,https://alnylam.co.uk/sites/default/files/pdfs/UK-corporate-social-responsibility-summary-2024.pdf,yes
2026-05-15T09:43:20,https://alnylam.co.uk/sites/default/files/pdfs/UK-corporate-social-responsibility-summary-2024.pdf,yes
2026-05-15T09:43:27,https://ditchcarbon.com/organizations/biomarin,no
2026-05-15T09:43:41,https://finance.yahoo.com/news/alny-announces-preliminary-2024-results-161800919.html,yes
2026-05-15T09:44:04,https://www.reuters.com/legal/litigation/moderna-fends-off-alnylam-us-patent-lawsuit-over-covid-shots-now-2024-10-02/,no
2026-05-15T09:44:06,https://oig.hhs.gov/fraud/enforcement/alnylam-pharmaceuticals-agreed-to-pay-170000-for-allegedly-violating-the-civil-monetary-penalties-law-by-failing-to-submit-timely-pricing-data/,yes
2026-05-15T10:20:37,https://www.biomarin.com/wp-content/uploads/2026/01/Corporate-Responsibility-Report_2025.pdf,yes
2026-05-15T10:20:37,https://www.sarepta.com/sites/sarepta-corporate/files/2024-05/2023_Sarepta_Sustainability_Report.pdf,yes
2026-05-15T10:20:37,https://www.biomarin.com/company/responsibility/environmental-social-and-governance/,yes
2026-05-15T10:20:37,https://ionis.com/about-us/corporate-responsibility,yes
2026-05-15T10:20:37,https://www.sustainabilityreports.com/ionis-pharmaceuticals/2024/corporate-responsibility-report,yes
2026-05-15T10:20:37,https://www.regeneron.com/responsibility/our-approach,yes
2026-05-15T10:20:37,https://www.alnylam.com/sites/default/files/pdfs/alnylam-cr-report-2024.pdf,yes
2026-05-15T10:20:37,https://www.sarepta.com/about-us/corporate-responsibility,yes
2026-05-15T10:20:39,https://investors.alnylam.com/press-release?id=28656,yes
2026-05-15T10:20:39,https://finance.yahoo.com/news/alnylam-issues-2024-corporate-responsibility-130000468.html,yes
2026-05-15T10:20:39,https://www.regeneron.com/responsibility/environmental-sustainability,yes
2026-05-15T10:20:42,https://www.ultragenyx.com/wp-content/uploads/2025/08/2024_Ultragenyx_SASB_and_GRI_Indexes.pdf,yes
2026-05-15T10:20:42,https://www.biomarin.com/wp-content/uploads/2025/05/BioMarin-SASB-index-EOY-2024.pdf,yes
2026-05-15T10:20:42,https://planbe.eco/en/blog/gri-for-the-healthcare-industry/,yes
2026-05-15T10:20:42,https://www.novartis.com/sites/novartiscom/files/novartis-sasb-index-2024.pdf,yes
2026-05-15T10:20:50,https://www.biomarin.com/company/responsibility/our-commitment-to-environmental-stewardship/,yes
2026-05-15T10:20:50,https://www.regeneron.com/downloads/2025RR.pdf,yes
2026-05-15T10:20:50,https://www.sustainabilityreports.com/regeneron-pharmaceuticals/2024/responsibility-report,yes
2026-05-15T10:21:27,https://www.biomarin.com/company/responsibility/environmental-social-and-governance/sustainability-accounting-standards-board-sasb-index/,no
2026-05-15T10:21:40,https://www.ipa-india.org/sites/default/files/2026-02/IPA_Sustainability-Document-without%20border.pdf,no
2026-05-15T10:21:42,https://investors.alnylam.com/press-release?id=29071,no
2026-05-15T10:21:44,https://www.rolandberger.com/en/Insights/Publications/ESG-in-pharmaceuticals-Strategies-and-opportunities.html,no
2026-05-15T10:39:59,https://www.alnylam.com/sites/default/files/pdfs/alnylam-cr-report-2024.pdf,yes
2026-05-15T10:39:59,https://www.biomarin.com/wp-content/uploads/2026/01/Corporate-Responsibility-Report_2025.pdf,yes
2026-05-15T10:39:59,https://www.regeneron.com/downloads/2023rr.pdf,yes
2026-05-15T10:40:00,https://ionis.com/about-us/corporate-responsibility/2024-Corporate-Responsiblity-Report.pdf,no
2026-05-15T10:40:07,https://www.alnylam.com/alnylam-rnai-pipeline,yes
2026-05-15T10:40:09,https://investors.alnylam.com/press-release?id=29071,yes
2026-05-15T10:40:21,https://news.alnylam.com/responsibility/articles/alnylam-publishes-2024-corporate-responsibility-report,yes
2026-05-15T10:40:21,https://ionis.com/about-us/corporate-responsibility,yes
2026-05-15T10:40:21,https://www.regeneron.com/responsibility/our-approach,yes
2026-05-15T10:40:21,https://www.biomarin.com/company/responsibility/environmental-social-and-governance/,yes
2026-05-15T10:40:32,https://www.sarepta.com/sites/sarepta-corporate/files/2024-05/2023_Sarepta_Sustainability_Report.pdf,yes
2026-05-15T10:40:32,https://www.regeneron.com/downloads/2025RR.pdf,yes
2026-05-15T10:40:32,https://investors.alnylam.com/press-release?id=28656,yes
2026-05-15T10:40:32,https://ionis.com/sites/default/files/2024-08/Ionis-2023-Corporate-Responsibility-Report.pdf,no
2026-05-15T10:40:44,https://investors.alnylam.com/press-release?id=28151,yes
2026-05-15T10:40:50,https://www.sustainabilityreports.com/alnylam-pharmaceuticals/2024/corporate-responsibility-report,yes
2026-05-15T10:40:52,https://investors.alnylam.com/press-release?id=29071,yes
2026-05-15T10:40:58,https://www.alnylam.com/sites/default/files/pdfs/2023-data-summary.pdf,yes
2026-05-15T10:40:58,https://www.alnylam.com/about-alnylam/diversity-inclusion,yes
2026-05-15T10:40:58,https://www.macrotrends.net/stocks/charts/ALNY/alnylam-pharmaceuticals/number-of-employees,yes
2026-05-15T10:41:03,https://investors.alnylam.com/corporate-governance,yes
2026-05-15T10:41:09,https://www.sec.gov/Archives/edgar/data/1178670/000117867025000026/alny-20241231.htm,yes
2026-05-15T10:41:17,https://www.biomarin.com/company/responsibility/environmental-social-and-governance/,yes
2026-05-15T10:41:18,https://ionis.com/about-us/corporate-responsibility/2024-Corporate-Responsiblity-Report.pdf,no
2026-05-15T10:41:27,https://www.regeneron.com/downloads/2024_esg_data_summary.pdf,yes
2026-05-15T10:41:27,https://www.regeneron.com/downloads/global-goals-progress-highlights-2024.pdf,yes
2026-05-15T10:41:27,https://www.sustainabilityreports.com/sarepta-therapeutics/2023/sustainability-report,yes
2026-05-15T10:41:27,https://ionis.com/about-us/corporate-responsibility,yes
2026-05-15T10:41:40,https://www.alnylam.com/sites/default/files/2023-05/2022%20Alnylam%20Corporate%20Responsibility%20Report.pdf,yes
2026-05-15T10:41:41,https://www.biomarin.com/wp-content/uploads/2026/01/Corporate-Responsibility-Report_2025.pdf,yes
2026-05-15T10:41:45,https://news.alnylam.com/responsibility/articles/being-steward-planet-energy-intensive-industry,yes
2026-05-15T10:41:47,https://www.biomarin.com/company/responsibility/,yes
2026-05-15T10:42:05,https://www.biomarin.com/company/responsibility/environmental-social-and-governance/sustainability-accounting-standards-board-sasb-index/,yes
2026-05-15T10:42:15,https://www.alnylam.com/sites/default/files/pdfs/alnylam-cr-report-2024.pdf,yes
2026-05-15T10:42:15,https://www.regeneron.com/downloads/2025RR.pdf,yes
2026-05-15T10:42:29,https://www.regeneron.com/downloads/2025-responsibility-report-data-summary.pdf,yes
2026-05-15T10:42:29,https://causeconsulting.com/corporate-responsibility-and-esg-reports/,yes
2026-05-15T10:42:29,https://finance.yahoo.com/news/alnylam-issues-2024-corporate-responsibility-130000468.html,yes
2026-05-15T10:42:31,https://www.regeneron.com/downloads/2025-responsibility-goals-report.pdf,yes
2026-05-15T10:42:45,https://www.sec.gov/Archives/edgar/data/1178670/000119312524083454/d761542ddef14a.htm,yes
2026-05-15T10:42:45,https://www.biomarin.com/company/responsibility/our-commitment-to-environmental-stewardship/,yes
2026-05-15T10:42:45,https://ionis.com/sites/default/files/2024-08/Ionis-2023-Corporate-Responsibility-Report.pdf,no
2026-05-15T10:42:52,https://www.biomarin.com/company/responsibility/environmental-social-and-governance/sustainability-accounting-standards-board-sasb-index/,yes
2026-05-15T10:43:08,https://www.biomarin.com/company/responsibility/our-commitment-to-environmental-stewardship/,yes
2026-05-15T10:43:08,https://investors.alnylam.com/sites/default/files/pdfs/alny-2026-proxy-statement.pdf,yes
2026-05-15T10:43:14,https://www.regeneron.com/downloads/2025RR.pdf,yes
2026-05-15T10:43:15,https://ionis.com/sites/default/files/2024-08/Ionis-Corporate-Responsibility-Report-2022.pdf,no
2026-05-15T10:43:22,https://alnylam.co.uk/sites/default/files/pdfs/UK-corporate-social-responsibility-summary-2024.pdf,yes
2026-05-15T10:43:26,https://www.regeneron.com/downloads/2025RR.pdf,yes
2026-05-15T10:43:26,https://www.biomarin.com/wp-content/uploads/2026/01/Corporate-Responsibility-Report_2025.pdf,yes
2026-05-15T10:43:27,https://ionis.com/about-us/corporate-responsibility/2024-Corporate-Responsiblity-Report.pdf,no
2026-05-15T10:43:27,https://www.vrtx.com/en-au/sites/en-au/files/2024_Vertex_Corporate_Responsibility_Report.pdf,no
2026-05-15T10:43:30,https://www.alnylam.com/sites/default/files/pdfs/alnylam-cr-report-2024.pdf,yes
2026-05-15T10:43:30,https://www.alnylam.com/sites/default/files/2023-09/alny-papr-factsheet-alnypapre.pdf,yes
2026-05-15T10:43:30,https://investors.alnylam.com/sites/default/files/pdfs/alny-2026-proxy-statement.pdf,yes
2026-05-15T10:43:30,https://news.alnylam.com/responsibility/articles/alnylam-publishes-2024-corporate-responsibility-report,yes
2026-05-15T10:43:30,https://www.sec.gov/Archives/edgar/data/1178670/000119312524083454/d761542ddef14a.htm,yes
2026-05-15T10:43:31,https://www.sec.gov/Archives/edgar/data/1178670/000117867025000040/alny-20250324.htm,yes
2026-05-15T10:43:33,https://www.alnylam.com/sites/default/files/pdfs/alnylam-cr-report-2024.pdf,yes
2026-05-15T10:43:33,https://www.morningstar.com/stocks/xmex/alny/sustainability,yes
2026-05-15T10:43:33,https://oig.hhs.gov/fraud/enforcement/alnylam-pharmaceuticals-agreed-to-pay-170000-for-allegedly-violating-the-civil-monetary-penalties-law-by-failing-to-submit-timely-pricing-data/,yes
2026-05-15T10:43:33,https://assets.fenwick.com/documents/Checklist-ESG-Disclosures-for-Biotechnology-Pharmaceuticals-Companies.pdf,yes
2026-05-15T10:43:34,https://www.alnylam.com/sites/default/files/pdfs/alnylam-cr-report-2024.pdf,yes
2026-05-15T10:43:34,https://investors.alnylam.com/press-release?id=28151,yes
2026-05-15T10:43:34,https://www.alnylam.com/about-alnylam/corporate-responsibility,yes
2026-05-15T10:43:35,https://ionis.com/about-us/corporate-responsibility,yes
2026-05-15T10:43:35,https://www.regeneron.com/downloads/2023rr.pdf,yes
2026-05-15T10:43:35,https://www.vrtx.com/sites/default/files/2023_Vertex_Corporate_Responsibility_Report.pdf,no
2026-05-15T10:43:35,https://ionis.com/sites/default/files/2024-08/Ionis-2023-Corporate-Responsibility-Report.pdf,no
2026-05-15T10:43:38,https://investors.alnylam.com/press-release?id=28151,yes
2026-05-15T10:43:38,https://www.regeneron.com/downloads/2025-responsibility-goals-report.pdf,yes
2026-05-15T10:43:40,https://investors.alnylam.com/press-release?id=29071,yes
2026-05-15T10:43:41,https://investors.alnylam.com/press-release?id=29071,yes
2026-05-15T10:43:41,https://www.labiotech.eu/expert-advice/biotech-csrd/,yes
2026-05-15T10:43:43,https://www.biomarin.com/company/responsibility/environmental-social-and-governance/sustainability-accounting-standards-board-sasb-index/,yes
2026-05-15T10:43:45,https://alnylampharmaceuticalsinc.gcs-web.com/node/25311/pdf,no
2026-05-15T10:43:45,https://investors.alnylam.com/press-release?id=29071,yes
2026-05-15T10:43:47,https://www.alnylam.com/sites/default/files/pdfs/2023-data-summary.pdf,yes
2026-05-15T10:43:47,https://news.alnylam.com/responsibility/articles/alnylam-publishes-2024-corporate-responsibility-report,yes
2026-05-15T10:43:52,https://www.sustainabilityreports.com/alnylam-pharmaceuticals/2023/corporate-responsibility-report,yes
2026-05-15T10:43:52,https://www.alnylam.com/about-alnylam/corporate-responsibility,yes
2026-05-15T10:43:53,https://ionis.com/about-us/corporate-responsibility,yes
2026-05-15T10:43:53,https://investors.alnylam.com/corporate-governance,yes
2026-05-15T10:43:53,https://www.alnylam.com/about-alnylam/corporate-responsibility,yes
2026-05-15T10:43:55,https://news.alnylam.com/responsibility/articles/alnylam-publishes-2024-corporate-responsibility-report,yes
2026-05-15T10:43:55,https://investors.alnylam.com/press-release?id=28151,yes
2026-05-15T10:43:58,https://investors.alnylam.com/press-release?id=28151,yes
2026-05-15T10:44:00,https://www.regeneron.com/downloads/tcfd-report-2024.pdf,yes
2026-05-15T10:44:00,https://www.regeneron.com/downloads/global-goals-progress-highlights-2024.pdf,yes
2026-05-15T10:44:00,https://www.biomarin.com/company/responsibility/environmental-social-and-governance/,yes
2026-05-15T10:44:00,https://www.sustainabilityreports.com/ionis-pharmaceuticals/2024/corporate-responsibility-report,yes
2026-05-15T10:44:01,https://www.alixpartners.com/insights/102ius2/csrd-reporting-how-european-pharma-and-healthcare-firms-can-prepare/,yes
2026-05-15T10:44:02,https://www.spglobal.com/sustainable1/en/scores/results?cid=4239110,no
2026-05-15T10:44:02,https://www.vrtx.com/sites/default/files/2025_Vertex_Corporate_Responsibility_Report.pdf,no
2026-05-15T10:44:03,https://investors.alnylam.com/press-release?id=29071,yes
2026-05-15T10:44:05,https://www.sarepta.com/about-us/corporate-responsibility,yes
2026-05-15T10:44:07,https://www.alnylamassist.com/amvuttra,yes
2026-05-15T10:44:08,https://www.nossadata.com/blog/biotechnology-sustainability-disclosure,yes
2026-05-15T10:44:10,https://www.regeneron.com/responsibility/environmental-sustainability,yes
2026-05-15T10:44:10,https://tracenable.com/company/regeneron-pharmaceuticals/ghg-emissions,yes
2026-05-15T10:44:11,https://news.alnylam.com/responsibility/articles/alnylam-publishes-2023-corporate-responsibility-report,yes
2026-05-15T10:44:11,https://causeconsulting.com/corporate-responsibility-and-esg-reports/,yes
2026-05-15T10:44:12,https://alnylam.co.uk/sites/default/files/pdfs/UK-corporate-social-responsibility-summary-2024.pdf,yes
2026-05-15T10:44:17,,no
2026-05-15T10:44:17,,no
2026-05-15T10:44:17,,no
2026-05-15T10:44:18,https://www.vrtx.com/responsibility/environmental-sustainability/,yes
2026-05-15T10:44:18,https://news.alnylam.com/tag/dei,yes
2026-05-15T10:44:19,https://ir.ionis.com/news-releases/news-release-details/ionis-publishes-2023-corporate-responsibility-report,yes
2026-05-15T10:44:19,https://www.alnylam.com/sites/default/files/pdfs/alnylam-cr-report-2024.pdf,yes
2026-05-15T10:44:20,https://news.alnylam.com/careers-culture/articles/driven-science-alnylam-named-science-magazine-top-employer-6-years-row,yes
2026-05-15T10:44:24,https://www.sec.gov/Archives/edgar/data/1178670/000117867025000040/alny-20250324.htm,yes
2026-05-15T10:44:26,https://investors.alnylam.com/sites/default/files/pdfs/alny-2026-proxy-statement.pdf,yes
2026-05-15T10:44:26,https://www.alnylam.com/sites/default/files/pdfs/Alnylam-Corporate-Responsibility-Summary.pdf,yes
2026-05-15T10:44:26,https://www.alnylam.com/sites/default/files/2023-05/2022%20Alnylam%20Corporate%20Responsibility%20Report.pdf,yes
2026-05-15T10:44:26,https://investors.alnylam.com/sites/default/files/pdfs/alnylam-2025-annual-report.pdf,yes
2026-05-15T10:44:28,https://www.opensecrets.org/orgs/alnylam-pharmaceuticals/lobbying?id=D000046730,no
2026-05-15T10:44:30,https://www.alnylam.com/sites/default/files/pdfs/alnylam-cr-report-2024.pdf,yes
2026-05-15T10:44:36,https://www.biomarin.com/wp-content/uploads/2026/01/Corporate-Responsibility-Report_2025.pdf,yes
2026-05-15T10:44:36,https://www.alnylam.com/about-alnylam/transparency,yes
2026-05-15T10:44:40,https://planbe.eco/en/blog/sasb-for-the-healthcare-industry/,yes
2026-05-15T10:44:41,https://www.biomarin.com/wp-content/uploads/2025/05/BioMarin-SASB-index-EOY-2024.pdf,yes
2026-05-15T10:44:41,https://www.regeneron.com/responsibility/our-approach,yes
2026-05-15T10:44:41,https://www.biomarin.com/company/responsibility/our-commitment-to-environmental-stewardship/,yes
2026-05-15T10:44:41,https://investors.alnylam.com/press-release?id=29071,yes
2026-05-15T10:44:41,https://www.alnylam.com/sites/default/files/pdfs/alny_humanrights_principles_alny-hrpc.pdf,yes
2026-05-15T10:44:42,https://www.sec.gov/newsroom/press-releases/2024-31,yes
2026-05-15T10:44:46,https://www.alnylam.com/sites/default/files/pdfs/alnylam-cr-report-2024.pdf,yes
2026-05-15T10:44:46,https://finance.yahoo.com/news/alnylam-issues-2024-corporate-responsibility-130000468.html,yes
2026-05-15T10:44:46,https://www.sustainabilityreports.com/alnylam-pharmaceuticals/2024/corporate-responsibility-report,yes
2026-05-15T10:44:46,https://www.biomarin.com/company/responsibility/corporate-governance/,yes
2026-05-15T10:44:49,https://www.regeneron.com/stories/responsibility-at-regeneron,yes
2026-05-15T10:44:50,https://www.vrtx.com/responsibility/reports-position-statements-and-programs/,yes
2026-05-15T10:44:50,https://www.opensecrets.org/federal-lobbying/clients/issues?cycle=2024&id=D000046730&spec=VET&specific_issue=Veterans+Affairs,no
2026-05-15T10:44:51,https://www.alnylam.com/alnylam-rnai-pipeline/clinical-trials/diversity-equity-inclusion-in-clinical-trials,yes
2026-05-15T10:44:51,,no
2026-05-15T10:44:51,,no
2026-05-15T10:44:52,https://oig.hhs.gov/fraud/enforcement/alnylam-pharmaceuticals-agreed-to-pay-170000-for-allegedly-violating-the-civil-monetary-penalties-law-by-failing-to-submit-timely-pricing-data/,yes
2026-05-15T10:44:52,https://investors.alnylam.com/press-release?id=29071,yes
2026-05-15T10:45:03,https://www.fiercebiotech.com/biotech/alnylam-plunges-after-deaths-sees-it-pull-phiii-blockbuster-candidate-revusiran,yes
2026-05-15T10:45:04,https://www.fiercepharma.com/marketing/alnylam-rebuked-fda-over-efficacy-claims-amvuttra-website,yes
2026-05-15T10:45:07,https://www.regeneron.com/downloads/2024_esg_data_summary.pdf,yes
2026-05-15T10:45:07,https://www.regeneron.com/downloads/2025-responsibility-report-data-summary.pdf,yes
2026-05-15T10:45:07,https://www.biomarin.com/wp-content/uploads/2025/05/BioMarin-SASB-index-EOY-2024.pdf,yes
2026-05-15T10:45:07,https://www.vrtx.com/en-global/sites/en-global/files/2024-Vertex-Data-Summary.pdf,no
2026-05-15T10:45:09,https://www.businesswire.com/news/home/20240507507791/en/Alnylam-Issues-2023-Corporate-Responsibility-Report,yes
2026-05-15T10:45:10,https://investors.alnylam.com/press-release?id=27476,yes
2026-05-15T10:45:11,https://www.nossadata.com/blog/biotechnology-sustainability-disclosure,yes
2026-05-15T10:45:11,https://news.alnylam.com/responsibility/articles/alnylam-recognized-newsweek-one-americas-most-responsible-companies-fourth,yes
2026-05-15T10:45:11,https://www.morningstar.com/stocks/xmex/alny/sustainability,yes
2026-05-15T10:45:15,https://international-biopharma.com/wp-content/uploads/2024/09/IBI-44-46.pdf,yes
2026-05-15T10:45:19,https://www.spglobal.com/sustainable1/en/scores/results?cid=4239110,no
2026-05-15T10:46:58,https://www.sec.gov/Archives/edgar/data/1178670/000117867025000035/alny-20250314.htm,yes
2026-05-15T10:46:58,https://www.alnylamassist.com/sites/default/files/2026-03/Givlaari-Access-Reimbursement-Kit.pdf,yes
2026-05-15T10:46:59,https://investors.alnylam.com/press-release?id=29071,yes
2026-05-15T10:46:59,https://www.alnylamassist.com/amvuttra/financial-assistance,yes
2026-05-15T10:46:59,https://s26.q4cdn.com/750150140/files/doc_downloads/esg_docs/2025/2024-Sustainability-Data-Summary.pdf,yes
2026-05-15T10:47:02,https://www.marketscreener.com/quote/stock/ALNYLAM-PHARMACEUTICALS-I-149357707/company-governance/,yes
2026-05-15T10:47:02,https://www.biopharmadive.com/news/alnylam-shifts-gears-after-safety-issues/427395/,yes
2026-05-15T10:47:07,https://roundarc.com/data/vertex-pharmaceuticals-incorporated-united-states,yes
2026-05-15T10:47:13,,no
2026-05-15T10:47:13,,no
2026-05-15T10:47:16,https://investor.regeneron.com/node/32111/pdf,no
2026-05-15T10:47:23,https://www.alnylam.com/sites/default/files/pdfs/alnylam-cr-report-2024.pdf,yes
2026-05-15T10:47:24,,no
2026-05-15T10:47:24,https://www.alnylam.com/sites/default/files/pdfs/alnylam-cr-report-2024.pdf,yes
2026-05-15T10:47:25,https://alnylampharmaceuticalsinc.gcs-web.com/static-files/40f24b5e-db7f-41a6-a1f2-5b3b2979512a,no
2026-05-15T10:47:27,https://www.board-cybersecurity.com/annual-reports/tracker/20240215-alnylam-pharmaceuticals-inc-cybersecurity-10k,yes
2026-05-15T10:47:30,,no
2026-05-15T10:47:30,https://www.nossadata.com/blog/biotechnology-sustainability-disclosure,yes
2026-05-15T10:47:31,https://www.biomarin.com/company/responsibility/our-commitment-to-environmental-stewardship/,yes
2026-05-15T10:47:33,https://investors.alnylam.com/press-release?id=29071,yes
2026-05-15T10:47:33,https://www.itiger.com/news/2536610482,yes
2026-05-15T10:47:36,https://www.alnylam.com/about-alnylam,yes
2026-05-15T10:47:39,https://www.cnbc.com/2016/10/06/alnylam-ends-development-of-drug-due-to-patient-deaths-in-trial.html,yes
2026-05-15T10:47:41,https://www.sec.gov/Archives/edgar/data/1178670/000117867025000040/alny-20250324.htm,yes
2026-05-15T10:47:41,https://alnylam.co.uk/sites/default/files/pdfs/UK-corporate-social-responsibility-summary-2024.pdf,yes
2026-05-15T10:47:41,https://news.alnylam.com/responsibility/articles/alnylam-publishes-2024-corporate-responsibility-report,yes
2026-05-15T10:47:42,https://www.alnylam.com/sites/default/files/pdfs/2023-data-summary.pdf,yes
2026-05-15T10:47:44,https://news.alnylam.com/responsibility/articles/alnylam-publishes-2024-corporate-responsibility-report,yes
2026-05-15T10:47:49,https://causeconsulting.com/corporate-responsibility-and-esg-reports/,yes
2026-05-15T10:47:53,https://www.alnylam.com/about-alnylam/diversity-inclusion,yes
2026-05-15T10:47:53,https://www.macrotrends.net/stocks/charts/ALNY/alnylam-pharmaceuticals/number-of-employees,yes
2026-05-15T10:47:53,https://news.alnylam.com/responsibility/articles/being-steward-planet-energy-intensive-industry,yes
2026-05-15T10:47:53,https://www.alnylam.com/sites/default/files/2023-05/2022%20Alnylam%20Corporate%20Responsibility%20Report.pdf,yes
2026-05-15T10:48:00,https://icer.org/news-insights/press-releases/amyloidosis-evidence-report/,yes
2026-05-15T10:48:02,https://www.forbes.com/sites/matthewherper/2018/08/10/alnylam-prices-breakthrough-drug-at-450000-per-patient-but-offers-money-back-guarantee/,yes
2026-05-15T10:48:05,https://www.alnylam.com/sites/default/files/2023-09/alny-papr-factsheet-alnypapre.pdf,yes
2026-05-15T10:48:05,https://investors.alnylam.com/corporate-governance,yes
2026-05-15T10:48:12,https://pmlive.com/pharma_news/icer_says_alnylams_onpattro_should_cost_90-95_less_1250740/,yes
2026-05-15T10:48:14,https://www.alnylam.com/about-alnylam/corporate-responsibility,yes
2026-05-15T10:48:17,https://investors.alnylam.com/press-release?id=29446,yes
2026-05-15T10:48:17,https://www.sec.gov/Archives/edgar/data/875320/000130817924000452/lvrtx2024_def14a.htm,yes
2026-05-15T10:48:18,https://www.regeneron.com/responsibility/health-equity-patient-access,yes
2026-05-15T10:48:18,https://ionis.com/about-us/corporate-responsibility/2024-Corporate-Responsiblity-Report.pdf,no
2026-05-15T10:48:19,https://www.alnylam.com/about-alnylam/grants-and-giving,yes
2026-05-15T10:48:23,https://classic.cdp.net/en/responses/58307/Alnylam-Pharmaceuticals-Inc?back_to=%2Ffr%2Fresponses%3Fpage%3D15%26per_page%3D20%26sort_by%3Dproject_name%26sort_dir%3Ddesc&page=2&per_page=5&sort_by=response_status&sort_dir=desc,no
2026-05-15T10:48:24,,no
2026-05-15T10:48:24,,no
2026-05-15T10:48:26,https://www.biomarin.com/company/responsibility/environmental-social-and-governance/,yes
2026-05-15T10:48:27,https://ionis.com/sites/default/files/2024-08/Ionis-2023-Corporate-Responsibility-Report.pdf,no
2026-05-15T10:48:28,https://www.vrtx.com/en-au/sites/en-au/files/2024_Vertex_Corporate_Responsibility_Report.pdf,no
2026-05-15T10:48:31,https://www.alnylam.com/sites/default/files/pdfs/alnylam-cr-report-2024.pdf,yes
2026-05-15T10:48:32,https://alnylam.co.uk/sites/default/files/pdfs/UK-corporate-social-responsibility-summary-2024.pdf,yes
2026-05-15T10:48:32,https://investors.alnylam.com/sites/default/files/pdfs/alnylam-2025-annual-report.pdf,yes
2026-05-15T10:48:35,,no
2026-05-15T10:48:35,https://www.regeneron.com/downloads/2023rr.pdf,yes
2026-05-15T10:48:35,https://www.biomarin.com/wp-content/uploads/2026/01/Corporate-Responsibility-Report_2025.pdf,yes
2026-05-15T10:48:36,https://www.vrtx.com/sites/default/files/2023_Vertex_Corporate_Responsibility_Report.pdf,no
2026-05-15T10:48:38,https://classic.cdp.net/en/responses?page=1502&per_page=5&sort_by=account_name&sort_dir=asc,no
2026-05-15T10:48:39,https://www.alnylam.com/sites/default/files/2023-05/2022%20Alnylam%20Corporate%20Responsibility%20Report.pdf,yes
2026-05-15T10:48:39,https://www.alnylam.com/about-alnylam/diversity-inclusion,yes
2026-05-15T10:48:42,https://ir.ionis.com/news-releases/news-release-details/ionis-publishes-2023-corporate-responsibility-report,yes
2026-05-15T10:48:42,https://www.regeneron.com/responsibility/our-approach,yes
2026-05-15T10:48:42,https://www.vrtx.com/responsibility/reports-position-statements-and-programs/,yes
2026-05-15T10:48:47,,no
2026-05-15T10:48:47,,no
2026-05-15T10:48:50,https://www.alnylam.com/sites/default/files/pdfs/alnylam-cr-report-2024.pdf,yes
2026-05-15T10:48:52,https://www.sec.gov/newsroom/press-releases/2025-58,yes
2026-05-15T10:48:54,,no
2026-05-15T10:48:54,https://ionis.com/about-us/corporate-responsibility,yes
2026-05-15T10:48:55,https://www.sustainabilityreports.com/ionis-pharmaceuticals/2024/corporate-responsibility-report,yes
2026-05-15T10:48:59,https://www.alnylam.com/about-alnylam/corporate-responsibility,yes
2026-05-15T10:48:59,https://causeconsulting.com/corporate-responsibility-and-esg-reports/,yes
2026-05-15T10:49:01,https://www.alnylam.com/sites/default/files/pdfs/Alnylam-Corporate-Responsibility-Summary.pdf,yes
2026-05-15T10:49:01,https://www.alnylam.com/sites/default/files/pdfs/alnylam-cr-report-2024.pdf,yes
2026-05-15T10:49:08,https://causeconsulting.com/corporate-responsibility-and-esg-reports/,yes
2026-05-15T10:49:13,https://investors.alnylam.com/press-release?id=29071,yes
2026-05-15T10:49:14,https://investors.alnylam.com/sites/default/files/pdfs/code-of-business-conduct-and-ethics.pdf,yes
2026-05-15T10:49:18,https://www.opensecrets.org/political-action-committees-pacs/alnylam-pharmaceuticals/C00670331/summary/2024,no
2026-05-15T10:49:18,,no
2026-05-15T10:49:19,,no
2026-05-15T10:49:19,https://www.regeneron.com/downloads/2024_esg_data_summary.pdf,yes
2026-05-15T10:49:19,https://www.vrtx.com/responsibility/environmental-sustainability/,yes
2026-05-15T10:49:28,https://investors.alnylam.com/press-release?id=29071,yes
2026-05-15T10:49:31,https://www.moomoo.com/news/post/58378281/bridgebio-bbious-accuses-pfizer-pfeus-and-alnylam-alnyus-of-employing,yes
2026-05-15T10:49:32,https://www.alnylam.com/sites/default/files/2023-05/2022%20Alnylam%20Corporate%20Responsibility%20Report.pdf,yes
2026-05-15T10:49:32,https://www.alnylam.com/sites/default/files/2023-05/2022%20Alnylam%20Corporate%20Responsibility%20Report.pdf,yes
2026-05-15T10:49:42,https://www.alnylam.com/sites/default/files/pdfs/2023-data-summary.pdf,yes
2026-05-15T10:49:43,https://www.opensecrets.org/orgs/alnylam-pharmaceuticals/summary?id=D000046730,no
2026-05-15T10:49:47,https://www.alnylam.com/about-alnylam/corporate-responsibility,yes
2026-05-15T10:49:51,https://investors.alnylam.com/sites/default/files/pdfs/alny-2026-proxy-statement.pdf,yes
2026-05-15T10:49:54,https://www.alnylam.com/about-alnylam/patient-access-philosophy,yes
2026-05-15T10:49:54,https://www.alnylam.com/sites/default/files/pdfs/alnylam-cr-report-2024.pdf,yes
2026-05-15T10:49:55,https://www.alnylam.com/sites/default/files/pdfs/alnylam-patient-access-philosophy-factsheet-24-4.pdf,yes
2026-05-15T10:49:59,https://causeconsulting.com/corporate-responsibility-and-esg-reports/,yes
2026-05-15T10:49:59,https://causeconsulting.com/corporate-responsibility-and-esg-reports/,yes
2026-05-15T10:50:07,https://www.alnylam.com/sites/default/files/pdfs/alnylam-cr-report-2024.pdf,yes
2026-05-15T10:50:07,https://investors.alnylam.com/press-release?id=28611,yes
2026-05-15T10:50:07,https://investors.alnylam.com/press-release?id=28611,yes
2026-05-15T10:50:12,https://www.alnylam.com/sites/default/files/pdfs/alnylam-patient-access-philosophy-factsheet-24-4.pdf,yes
2026-05-15T10:50:13,https://www.alnylam.com/sites/default/files/pdfs/alnylam-patient-access-philosophy-factsheet-03-25.pdf,yes
2026-05-15T10:50:14,https://www.board-cybersecurity.com/annual-reports/tracker/20240215-alnylam-pharmaceuticals-inc-cybersecurity-10k,yes
2026-05-15T10:50:17,https://www.sec.gov/Archives/edgar/data/1178670/000119312524083454/d761542ddef14a.htm,yes
2026-05-15T10:50:24,https://www.biomarin.com/company/responsibility/our-commitment-to-environmental-stewardship/,yes
2026-05-15T10:50:24,https://www.regeneron.com/downloads/2024_esg_data_summary.pdf,yes
2026-05-15T10:50:24,https://www.regeneron.com/downloads/global-goals-progress-highlights-2024.pdf,yes
2026-05-15T10:50:30,https://www.stocktitan.net/sec-filings/ALNY/def-14a-alnylam-pharmaceuticals-inc-definitive-proxy-statement-39b5e94cd6dd.html,no
2026-05-15T10:50:34,,no
2026-05-15T10:50:34,https://www.morningstar.com/stocks/xmex/alny/sustainability,yes
2026-05-15T10:50:34,https://www.vrtx.com/responsibility/environmental-sustainability/,yes
2026-05-15T10:50:45,https://www.alnylam.com/about-alnylam/grants-and-giving,yes
2026-05-15T10:50:53,https://news.alnylam.com/perspectives/articles/2024-year-review-look-ahead-ceo-yvonne-greenstreet-highlights-pivotal-year,yes
2026-05-15T10:51:07,https://www.regeneron.com/responsibility/our-approach,yes
2026-05-15T10:51:15,https://www.biomarin.com/company/responsibility/environmental-social-and-governance/sustainability-accounting-standards-board-sasb-index/,yes
2026-05-15T10:51:20,https://investors.alnylam.com/press-release?id=28656,yes
2026-05-15T10:51:47,https://classic.cdp.net/en/responses/58307/Alnylam-Pharmaceuticals-Inc?back_to=%2Ffr%2Fresponses%3Fpage%3D15%26per_page%3D20%26sort_by%3Dproject_name%26sort_dir%3Ddesc&page=2&per_page=5&sort_by=response_status&sort_dir=desc,no
2026-05-15T10:51:50,https://www.sustainabilityreports.com/vertex-pharmaceuticals/2024/corporate-responsibility-report,yes
2026-05-15T10:51:51,https://www.vrtx.com/responsibility/,yes
2026-05-15T10:52:13,,no
2026-05-15T10:52:13,https://www.biomarin.com/company/responsibility/environmental-social-and-governance/,yes
2026-05-15T10:52:30,https://investors.alnylam.com/press-release?id=28151,yes
2026-05-15T10:52:42,https://alnylam.co.uk/sites/default/files/pdfs/UK-corporate-social-responsibility-summary-2024.pdf,yes
2026-05-15T10:52:52,https://investors.alnylam.com/press-release?id=29071,yes
2026-05-15T10:53:09,https://www.sec.gov/Archives/edgar/data/1178670/000117867025000026/alny-20241231.htm,yes
2026-05-15T10:53:20,https://www.biomarin.com/company/responsibility/,yes
2026-05-15T10:53:20,https://www.biomarin.com/wp-content/uploads/2025/05/BioMarin-SASB-index-EOY-2024.pdf,yes
2026-05-15T10:53:20,https://www.biomarin.com/wp-content/uploads/2026/01/Corporate-Responsibility-Report_2025.pdf,yes
2026-05-15T10:53:34,https://ionis.com/about-us/corporate-responsibility,yes
2026-05-15T10:53:34,https://www.biomarin.com/company/responsibility/our-commitment-to-environmental-stewardship/,yes
2026-05-15T10:53:49,https://www.regeneron.com/downloads/2024_esg_data_summary.pdf,yes
2026-05-15T10:53:54,https://sciencebasedtargets.org/target-dashboard,yes
2026-05-15T10:53:56,https://www.regeneron.com/downloads/2025-responsibility-report-data-summary.pdf,yes
2026-05-15T10:54:06,,no
2026-05-15T10:54:06,https://www.regeneron.com/downloads/global-goals-progress-highlights-2024.pdf,yes
2026-05-15T10:54:20,https://finance.yahoo.com/news/alnylam-issues-2024-corporate-responsibility-130000468.html,yes
2026-05-15T10:54:33,https://alnylam.co.uk/sites/default/files/pdfs/UK-corporate-social-responsibility-summary-2024.pdf,yes
2026-05-15T10:54:37,https://investors.alnylam.com/sites/default/files/pdfs/alny-2026-proxy-statement.pdf,yes
2026-05-15T10:54:37,https://ditchcarbon.com/organizations/alnylam-pharmaceuticals,no
2026-05-15T10:54:52,https://www.alnylam.com/sites/default/files/2023-05/2022%20Alnylam%20Corporate%20Responsibility%20Report.pdf,yes
2026-05-15T10:54:52,https://www.vrtx.com/responsibility/environmental-sustainability/,yes
2026-05-15T10:55:21,https://news.alnylam.com/responsibility/articles/alnylam-named-human-rights-campaigns-corporate-equality-index,yes
2026-05-15T10:55:37,https://www.biomarin.com/company/responsibility/environmental-social-and-governance/,yes
2026-05-15T10:56:01,https://www.regeneron.com/responsibility/our-approach,yes
2026-05-15T10:56:07,https://www.regeneron.com/stories/science-with-purpose-responsibility-report,yes
2026-05-15T10:56:19,https://www.instagram.com/p/DKNiGVAvfDs/,yes
2026-05-15T10:56:31,,no
2026-05-15T10:56:31,https://ionis.com/about-us/corporate-responsibility,yes
2026-05-15T10:56:39,https://www.sec.gov/Archives/edgar/data/1178670/000117867025000040/alny-20250324.htm,yes
2026-05-15T10:56:50,https://www.regeneron.com/responsibility/environmental-sustainability,yes
2026-05-15T10:59:25,https://www.biomarin.com/wp-content/uploads/2026/01/Corporate-Responsibility-Report_2025.pdf,yes
2026-05-15T10:59:25,https://www.regeneron.com/downloads/2025-responsibility-report-data-summary.pdf,yes
2026-05-15T10:59:25,https://ionis.com/sites/default/files/2024-08/Ionis-2023-Corporate-Responsibility-Report.pdf,no
2026-05-15T10:59:25,https://ionis.com/about-us/corporate-responsibility/2024-Corporate-Responsiblity-Report.pdf,no
2026-05-15T10:59:25,https://www.vrtx.com/en-global/sites/en-global/files/2024-Vertex-Data-Summary.pdf,no
2026-05-15T10:59:33,https://ionis.com/about-us/corporate-responsibility,yes
2026-05-15T10:59:33,https://www.sustainabilityreports.com/ionis-pharmaceuticals/2024/corporate-responsibility-report,yes
2026-05-15T10:59:33,https://www.biomarin.com/company/responsibility/environmental-social-and-governance/,yes
2026-05-15T10:59:33,https://www.regeneron.com/downloads/2025RR.pdf,yes
2026-05-15T10:59:33,https://www.sustainabilityreports.com/vertex-pharmaceuticals/2024/corporate-responsibility-report,yes
2026-05-15T10:59:34,https://www.vrtx.com/en-au/sites/en-au/files/2024_Vertex_Corporate_Responsibility_Report.pdf,no
2026-05-15T10:59:34,https://www.alnylam.com/sites/default/files/pdfs/alnylam-cr-report-2024.pdf,yes
2026-05-15T10:59:34,https://www.alnylam.com/about-alnylam/corporate-responsibility,yes
2026-05-15T10:59:34,https://alnylam.co.uk/sites/default/files/pdfs/UK-corporate-social-responsibility-summary-2024.pdf,yes
2026-05-15T10:59:34,https://sciencebasedtargets.org/target-dashboard,yes
2026-05-15T10:59:34,https://news.alnylam.com/responsibility/articles/alnylam-publishes-2024-corporate-responsibility-report,yes
2026-05-15T10:59:34,https://www.alnylam.com/about-alnylam/diversity-inclusion,yes
2026-05-15T10:59:39,https://investors.alnylam.com/press-release?id=29071,yes
2026-05-15T10:59:45,https://www.biomarin.com/company/responsibility/,yes
2026-05-15T10:59:45,https://www.biomarin.com/company/responsibility/our-commitment-to-environmental-stewardship/,yes
2026-05-15T10:59:45,https://www.regeneron.com/downloads/2024_esg_data_summary.pdf,yes
2026-05-15T10:59:45,https://www.vrtx.com/responsibility/,yes
2026-05-15T10:59:45,https://www.vrtx.com/responsibility/environmental-sustainability/,yes
2026-05-15T10:59:45,https://ir.ionis.com/news-releases/news-release-details/ionis-publishes-2023-corporate-responsibility-report,yes
2026-05-15T10:59:45,https://www.regeneron.com/downloads/2025-responsibility-goals-report.pdf,yes
2026-05-15T10:59:47,https://causeconsulting.com/corporate-responsibility-and-esg-reports/,yes
2026-05-15T10:59:47,https://alnylam.co.uk/sites/default/files/pdfs/UK-corporate-social-responsibility-summary-2024.pdf,yes
2026-05-15T10:59:59,https://www.alnylam.com/sites/default/files/pdfs/alnylam-cr-report-2024.pdf,yes
2026-05-15T10:59:59,https://www.alnylam.com/sites/default/files/pdfs/alnylam-cr-report-2024.pdf,yes
2026-05-15T10:59:59,https://www.alnylam.com/sites/default/files/pdfs/alnylam-cr-report-2024.pdf,yes
2026-05-15T10:59:59,https://www.alnylam.com/sites/default/files/pdfs/alnylam-cr-report-2024.pdf,yes
2026-05-15T10:59:59,https://www.alnylam.com/sites/default/files/pdfs/alnylam-cr-report-2024.pdf,yes
2026-05-15T10:59:59,https://www.regeneron.com/responsibility/environmental-sustainability,yes
2026-05-15T10:59:59,https://www.biomarin.com/company/responsibility/environmental-social-and-governance/,yes
2026-05-15T11:00:00,https://www.biomarin.com/company/responsibility/our-commitment-to-environmental-stewardship/,yes
2026-05-15T11:00:03,https://www.vrtx.com/sites/default/files/Environmental-Assurance-Statements.pdf,no
2026-05-15T11:00:10,https://www.sustainabilityreports.com/ionis-pharmaceuticals/2023/corporate-responsibility-report,yes
2026-05-15T11:00:18,https://investors.alnylam.com/press-release?id=29071,yes
2026-05-15T11:00:20,https://investors.alnylam.com/press-release?id=29071,yes
2026-05-15T11:00:37,https://www.biomarin.com/wp-content/uploads/2026/01/Corporate-Responsibility-Report_2025.pdf,yes
2026-05-15T11:00:37,https://www.regeneron.com/responsibility/our-approach,yes
2026-05-15T11:00:39,https://www.vrtx.com/sites/default/files/2025_Vertex_Corporate_Responsibility_Report.pdf,no
2026-05-15T11:00:45,https://s25.q4cdn.com/609616967/files/doc_financials/2025/sr/2025-Corporate-Responsibility-Report.pdf,yes
2026-05-15T11:00:48,https://finnhub.io/api/news?id=d6bed27049d2e846420f0686e0ec9be26faf142c828abbe4920c8854aa261b54,yes
2026-05-15T11:00:59,https://www.alnylam.com/sites/default/files/pdfs/alnylam-cr-report-2024.pdf,yes
2026-05-15T11:00:59,https://www.alnylam.com/sites/default/files/pdfs/alnylam-cr-report-2024.pdf,yes
2026-05-15T11:00:59,https://investors.alnylam.com/press-release?id=28151,yes
2026-05-15T11:01:15,https://www.alnylam.com/sites/default/files/2023-05/2022%20Alnylam%20Corporate%20Responsibility%20Report.pdf,yes
2026-05-15T11:01:34,https://investors.alnylam.com/sites/default/files/pdfs/alny-2026-proxy-statement.pdf,yes
2026-05-15T11:01:34,https://www.sec.gov/Archives/edgar/data/1178670/000119312524083454/d761542ddef14a.htm,yes
2026-05-15T11:01:34,https://investors.alnylam.com/sites/default/files/pdfs/alnylam-2025-annual-report.pdf,yes
2026-05-15T11:01:34,https://www.biomarin.com/wp-content/uploads/2026/01/Corporate-Responsibility-Report_2025.pdf,yes
2026-05-15T11:01:34,https://www.alnylam.com/about-alnylam/corporate-responsibility,yes
2026-05-15T11:01:34,https://www.alnylam.com/sites/default/files/pdfs/alnylam-cr-report-2024.pdf,yes
2026-05-15T11:01:34,https://www.sustainabilityreports.com/ionis-pharmaceuticals/2024/corporate-responsibility-report,yes
2026-05-15T11:01:34,https://www.regeneron.com/downloads/2025-responsibility-report-data-summary.pdf,yes
2026-05-15T11:01:40,https://www.linkedin.com/posts/regeneron-pharmaceuticals_regenerons-2025-responsibility-highlights-activity-7454513690784980992-__0K,yes
2026-05-15T11:02:25,https://www.alnylam.com/sites/default/files/pdfs/alnylam-cr-report-2024.pdf,yes
2026-05-15T11:02:33,https://www.biomarin.com/company/responsibility/support-for-society/diversity-equity-and-inclusion/,yes
2026-05-15T11:02:33,https://www.regeneron.com/downloads/2025-responsibility-goals-report.pdf,yes
2026-05-15T11:02:33,https://www.sustainabilityreports.com/vertex-pharmaceuticals/2024/corporate-responsibility-report,yes
2026-05-15T11:02:33,https://www.biomarin.com/company/responsibility/our-commitment-to-environmental-stewardship/,yes
2026-05-15T11:02:52,https://investors.alnylam.com/sites/default/files/pdfs/alny-2026-proxy-statement.pdf,yes
2026-05-15T11:02:52,https://www.sec.gov/Archives/edgar/data/1178670/000119312524083454/d761542ddef14a.htm,yes
2026-05-15T11:03:18,https://www.regeneron.com/downloads/2024_esg_data_summary.pdf,yes
2026-05-15T11:03:21,https://www.sec.gov/Archives/edgar/data/1178670/000117867025000026/alny-20241231.htm,yes
2026-05-15T11:03:21,https://www.sec.gov/Archives/edgar/data/1178670/000117867025000040/alny-20250324.htm,yes
2026-05-15T11:03:30,https://materials.proxyvote.com/Approved/09061G/20240325/NPS_567110/INDEX.HTML?page=6,yes
2026-05-15T11:03:58,https://www.regeneron.com/downloads/2025RR.pdf,yes
2026-05-15T11:03:58,https://www.regeneron.com/downloads/2025-responsibility-report-assurance-summary.pdf,yes
2026-05-15T11:04:07,https://www.net0tracker.com/corporates.html/Regeneron/,no
2026-05-15T11:04:09,https://www.biomarin.com/company/responsibility/environmental-social-and-governance/sustainability-accounting-standards-board-sasb-index/,yes
2026-05-15T11:04:11,https://finance.yahoo.com/news/alnylam-issues-2024-corporate-responsibility-130000468.html,yes
2026-05-15T11:04:11,https://www.alnylam.com/sites/default/files/pdfs/alnylam-cr-report-2024.pdf,yes
2026-05-15T11:04:21,https://investors.alnylam.com/press-release?id=29071,yes
2026-05-15T11:04:33,https://www.alnylam.com/sites/default/files/pdfs/alnylam-cr-report-2024.pdf,yes
2026-05-15T11:04:38,https://tracenable.com/company/regeneron-pharmaceuticals/ghg-emissions,yes
2026-05-15T11:04:38,https://www.regeneron.com/downloads/external-assurance-report-2024.pdf,yes
2026-05-15T11:04:46,https://causeconsulting.com/corporate-responsibility-and-esg-reports/,yes
2026-05-15T11:04:59,,no
2026-05-15T11:05:03,https://news.vrtx.com/static-files/4ccba3c3-7b7b-4abd-85f5-864e49ac0e15,no
2026-05-15T11:05:13,https://s24.q4cdn.com/720828402/files/doc_downloads/shareholder_meetings/2024/2024-Schedule-14A-Definitive-Proxy-Statement-Bannerless-ADA.pdf,yes
2026-05-15T11:05:18,https://news.alnylam.com/responsibility/articles/alnylam-publishes-2024-corporate-responsibility-report,yes
2026-05-15T11:05:18,https://www.alnylam.com/sites/default/files/pdfs/alnylam-cr-report-2024.pdf,yes
2026-05-15T11:05:31,https://www.sec.gov/Archives/edgar/data/875320/000130817924000452/lvrtx2024_def14a.htm,yes
2026-05-15T11:05:46,https://www.biomarin.com/company/board-of-directors/,yes
2026-05-15T11:05:56,https://www.alnylam.com/sites/default/files/pdfs/2023-data-summary.pdf,yes
2026-05-15T11:06:09,https://www.alnylam.com/sites/default/files/2023-05/2022%20Alnylam%20Corporate%20Responsibility%20Report.pdf,yes
2026-05-15T11:06:10,https://ir.ionis.com/corporate-governance/highlights,yes
2026-05-15T11:06:42,https://www.sec.gov/Archives/edgar/data/1048477/000104847724000058/bmrn-20240408.htm,yes
2026-05-15T11:06:57,https://tracenable.com/catalog/ghg-emissions,yes
2026-05-15T11:07:10,https://www.linkedin.com/posts/ionis-pharmaceuticals_we-are-delighted-to-announce-the-release-activity-7321591049779363842-ZV8y,yes
2026-05-15T11:07:20,https://ionis.com/about-us/corporate-responsibility,yes
2026-05-15T11:07:35,https://www.biomarin.com/company/responsibility/our-commitment-to-environmental-stewardship/,yes
2026-05-15T11:07:41,https://www.linkedin.com/posts/biomarin_earth-day-employee-spotlight-activity-7452797187790422016--UbW,yes
2026-05-15T11:07:41,https://alnylam.co.uk/sites/default/files/pdfs/UK-corporate-social-responsibility-summary-2024.pdf,yes
2026-05-15T11:08:12,https://tracenable.com/company/csl/ghg-emissions,yes
2026-05-15T11:08:12,https://tracenable.com/company/alnylam-pharmaceuticals/waste-management,yes
2026-05-15T11:08:16,https://tracenable.com/company/regeneron-pharmaceuticals/ghg-emissions,yes
2026-05-15T11:08:28,https://www.regeneron.com/downloads/global-goals-progress-highlights-2024.pdf,yes
2026-05-15T11:08:28,https://www.regeneron.com/downloads/external-assurance-report-2024.pdf,yes
2026-05-15T11:08:44,https://www.alnylam.com/sites/default/files/pdfs/alnylam-cr-report-2024.pdf,yes
2026-05-15T11:08:44,https://tracenable.com/company/regeneron-pharmaceuticals/ghg-emissions,yes
2026-05-15T11:09:01,https://www.regeneron.com/downloads/2024_esg_data_summary.pdf,yes
2026-05-15T11:09:02,https://www.alnylam.com/sites/default/files/pdfs/alnylam-cr-report-2024.pdf,yes
2026-05-15T11:09:18,https://www.sustainabilityreports.com/biomarin-pharmaceutical/2025/csr-report,yes
2026-05-15T11:09:40,https://www.sec.gov/Archives/edgar/data/1178670/000117867025000040/alny-20250324.htm,yes
2026-05-15T11:09:57,https://www.sec.gov/Archives/edgar/data/874015/000114036123019309/ny20007094x2_def14a.htm,yes
2026-05-15T11:10:10,https://www.alnylam.com/sites/default/files/pdfs/alnylam-cr-report-2024.pdf,yes
2026-05-15T11:10:38,https://www.sec.gov/Archives/edgar/data/872589/000130817925000518/regn013211-def14a.htm,yes
2026-05-15T11:10:40,https://www.biomarin.com/company/responsibility/support-for-society/diversity-equity-and-inclusion/our-commitment/,yes
2026-05-15T11:11:30,https://www.stocktitan.net/news/ALNY/alnylam-issues-2024-corporate-responsibility-98l8fb0r5o4j.html,no
2026-05-15T11:11:48,https://www.alnylam.com/sites/default/files/pdfs/alnylam-cr-report-2024.pdf,yes
2026-05-15T11:12:27,https://www.alnylam.com/sites/default/files/pdfs/alnylam-cr-report-2024.pdf,yes
2026-05-15T11:13:03,https://www.alnylam.com/sites/default/files/pdfs/alnylam-cr-report-2024.pdf,yes
2026-05-15T11:13:19,https://www.alnylam.com/sites/default/files/pdfs/alnylam-cr-report-2024.pdf,yes
2026-05-15T11:14:32,https://www.alnylam.com/sites/default/files/pdfs/alnylam-cr-report-2024.pdf,yes
2026-05-15T11:15:29,https://www.alnylam.com/sites/default/files/pdfs/alnylam-cr-report-2024.pdf,yes
2026-05-15T11:21:41,https://www.biomarin.com/wp-content/uploads/2026/01/Corporate-Responsibility-Report_2025.pdf,yes
2026-05-15T11:21:41,https://www.regeneron.com/downloads/2025-responsibility-report-data-summary.pdf,yes
2026-05-15T11:21:43,https://www.vrtx.com/en-global/sites/en-global/files/2024-Vertex-Data-Summary.pdf,no
2026-05-15T11:21:43,https://ionis.com/about-us/corporate-responsibility/2024-Corporate-Responsiblity-Report.pdf,no
2026-05-15T11:21:48,https://investors.alnylam.com/press-release?id=29071,yes
2026-05-15T11:22:00,https://www.alnylam.com/sites/default/files/pdfs/alnylam-cr-report-2024.pdf,yes
2026-05-15T11:22:00,https://ionis.com/about-us/corporate-responsibility,yes
2026-05-15T11:22:00,https://www.vrtx.com/responsibility/,yes
2026-05-15T11:22:00,https://www.regeneron.com/responsibility/our-approach,yes
2026-05-15T11:22:00,https://www.biomarin.com/company/responsibility/environmental-social-and-governance/,yes
2026-05-15T11:22:13,https://www.sustainabilityreports.com/ionis-pharmaceuticals/2024/corporate-responsibility-report,yes
2026-05-15T11:22:13,https://www.sustainabilityreports.com/vertex-pharmaceuticals/2024/corporate-responsibility-report,yes
2026-05-15T11:22:13,https://www.regeneron.com/responsibility/environmental-sustainability,yes
2026-05-15T11:22:13,https://www.sustainabilityreports.com/biomarin-pharmaceutical/2025/csr-report,yes
2026-05-15T11:22:45,https://www.regeneron.com/downloads/2025-responsibility-goals-report.pdf,yes
2026-05-15T11:22:45,https://www.biomarin.com/company/responsibility/our-commitment-to-environmental-stewardship/,yes
2026-05-15T11:22:45,https://www.vrtx.com/responsibility/environmental-sustainability/,yes
2026-05-15T11:22:45,https://www.alnylam.com/about-alnylam/corporate-responsibility,yes
2026-05-15T11:23:09,https://www.regeneron.com/downloads/2025RR.pdf,yes
2026-05-15T11:23:09,https://roundarc.com/data/vertex-pharmaceuticals-incorporated-united-states,yes
2026-05-15T11:23:09,https://www.sec.gov/Archives/edgar/data/1178670/000117867025000040/alny-20250324.htm,yes
2026-05-15T11:23:09,https://investors.alnylam.com/press-release?id=29446,yes
2026-05-15T11:23:31,https://www.regeneron.com/downloads/2024_esg_data_summary.pdf,yes
2026-05-15T11:23:31,https://www.biomarin.com/company/responsibility/our-commitment-to-environmental-stewardship/,yes
2026-05-15T11:23:31,https://investors.alnylam.com/sites/default/files/pdfs/alny-2026-proxy-statement.pdf,yes
2026-05-15T11:23:56,https://www.regeneron.com/downloads/2025-responsibility-goals-report.pdf,yes
2026-05-15T11:23:58,https://ionis.com/sites/default/files/2024-08/Ionis-2023-Corporate-Responsibility-Report.pdf,no
2026-05-15T11:29:20,https://www.alnylam.com/about-alnylam/corporate-responsibility,yes
2026-05-15T11:29:20,https://www.alnylam.com/sites/default/files/pdfs/alnylam-cr-report-2024.pdf,yes
2026-05-15T11:29:20,https://www.regeneron.com/downloads/2025RR.pdf,yes
2026-05-15T11:29:21,https://www.vrtx.com/en-au/sites/en-au/files/2024_Vertex_Corporate_Responsibility_Report.pdf,no
2026-05-15T11:29:21,https://ionis.com/about-us/corporate-responsibility/2024-Corporate-Responsiblity-Report.pdf,no
2026-05-15T11:29:48,https://www.nossadata.com/blog/biotechnology-sustainability-disclosure,yes
2026-05-15T11:29:48,https://news.alnylam.com/responsibility/articles/alnylam-publishes-2024-corporate-responsibility-report,yes
2026-05-15T11:29:54,https://rankings.newsweek.com/americas-most-responsible-companies-2026,yes
2026-05-15T11:29:58,https://violationtracker.goodjobsfirst.org/parent/alnylam-pharmaceuticals,yes
2026-05-15T11:31:01,https://news.alnylam.com/responsibility/articles/alnylam-publishes-2024-corporate-responsibility-report,yes
2026-05-15T11:31:01,https://www.regeneron.com/downloads/2025-responsibility-goals-report.pdf,yes
2026-05-15T11:31:01,https://www.regeneron.com/downloads/2025RR.pdf,yes
2026-05-15T11:31:13,https://investors.alnylam.com/press-release?id=29071,yes
2026-05-15T11:32:07,,no
2026-05-15T11:32:07,https://www.vrtx.com/responsibility/environmental-sustainability/,yes
2026-05-15T11:32:07,https://www.biomarin.com/company/responsibility/our-commitment-to-environmental-stewardship/,yes
2026-05-15T11:32:07,https://www.regeneron.com/responsibility/environmental-sustainability,yes
2026-05-15T11:35:53,https://www.biomarin.com/company/responsibility/our-commitment-to-environmental-stewardship/,yes
2026-05-15T11:35:54,https://www.regeneron.com/responsibility/our-approach,yes
2026-05-15T11:35:54,https://ionis.com/about-us/corporate-responsibility,yes
2026-05-15T11:35:54,https://www.sustainabilityreports.com/ionis-pharmaceuticals/2024/corporate-responsibility-report,yes
